person1_time_hr,person1_flow_mL_min,person2_time_hr,person2_flow_mL_min,person3_time_hr,person3_flow_mL_min,person4_time_hr,person4_flow_mL_min,person5_time_hr,person5_flow_mL_min
0.315428254,1.798346156,1.358753628,1.072978385,0.878979418,1.015810998,1.055663658,0.128544365,4.024008246,0.361881897
1.010073696,1.09212329,3.653181093,0.567663926,2.401277012,0.332084939,3.436890958,0.072816445,6.162294715,0.526145597
3.088211026,0.09196135,5.215578113,0.660221626,3.540224094,0.227086134,4.933339845,0.119455162,8.522176782,0.672580475
5.048702809,0.506609979,6.226638871,0.54101323,4.503288924,1.024879637,6.913572885,0.300889642,9.226877926,2.622564153
6.027190495,0.372204929,6.954474299,1.092699077,5.078684842,1.70241599,9.150380559,0.52626898,10.61296085,1.148015721
7.143990356,0.453843247,7.3832297,0.77757928,5.760806924,1.369138351,10.78915156,0.866579442,12.14599276,1.287479468
8.201257991,0.613767984,7.934565962,0.989345377,6.336696373,1.44084435,11.14344541,0.956114263,12.63970923,2.229939362
8.655183493,1.401300147,8.379669591,1.606095113,7.234491676,0.359702133,12.7212036,3.192202204,14.91889891,1.429637074
8.866414931,6.105908753,9.887346318,1.870093283,7.931049551,0.305886647,13.72615691,3.570144435,18.11173859,1.085892456
9.728799356,2.493094416,11.3866947,1.357478671,9.464143145,5.3696216,15.71268247,2.027241905,20.51431113,0.828001738
12.00478109,1.630689427,13.90413667,2.092573124,10.8169127,0.788622045,17.60259927,1.075631116,22.09083548,0.578665563
13.59160791,7.734644619,15.97135462,1.49640776,11.89873353,0.808486684,20.3562577,0.845172517,,
15.74062869,0.722098125,17.76626661,1.167140063,12.6471122,1.142484057,21.64554678,1.18910221,,
17.68909064,0.903861626,19.10145412,1.168846859,13.29536569,1.384314441,21.97078397,1.946899106,,
18.31982377,2.652669568,20.61042636,0.84254035,14.23467932,2.337693717,22.48362478,1.413432794,,
18.63531371,1.37561595,21.93278205,0.595836343,16.03088684,1.418121342,23.63589721,0.951014438,,
18.88257294,1.854608735,,,17.61284004,2.504651276,,,,
19.21842106,1.587053026,,,18.23364085,3.445795087,,,,
19.74520413,1.938879221,,,19.00854683,1.216410947,,,,
20.54589713,2.054859099,,,20.51671709,0.874578763,,,,
21.57287428,0.397621796,,,22.02408536,0.517220904,,,,
22.90966576,0.430379942,,,,,,,,