study,strain,media,Celsius,temp_inverse_K,growth_rate_hr
Herendeen_1979,B/r_NC3,rich_defined_medium,13.5,,0.14845707744025500
Herendeen_1979,B/r_NC3,rich_defined_medium,15,,0.19367435213657800
Herendeen_1979,B/r_NC3,rich_defined_medium,17,,0.29681148009905700
Herendeen_1979,B/r_NC3,rich_defined_medium,19,,0.36644548421500700
Herendeen_1979,B/r_NC3,rich_defined_medium,21,,0.5177668423558120
Herendeen_1979,B/r_NC3,rich_defined_medium,23,,0.5933127007527290
Herendeen_1979,B/r_NC3,rich_defined_medium,28,,0.8773153153627300
Herendeen_1979,B/r_NC3,rich_defined_medium,30,,1.1841391584542600
Herendeen_1979,B/r_NC3,rich_defined_medium,33,,1.2972851909021500
Herendeen_1979,B/r_NC3,rich_defined_medium,36,,1.54464202276789
Herendeen_1979,B/r_NC3,rich_defined_medium,37,,1.78498559278056
Herendeen_1979,B/r_NC3,rich_defined_medium,39,,1.8750082750223900
Herendeen_1979,B/r_NC3,rich_defined_medium,42,,1.8642908061931200
Herendeen_1979,B/r_NC3,rich_defined_medium,45,,1.2033795525949500
Herendeen_1979,B/r_NC3,rich_defined_medium,46,,0.9863470183188730
Herendeen_1979,B/r_NC3,rich_defined_medium,47,,0.6923232016297450
Herendeen_1979,B/r_NC3,rich_defined_medium,48,,0.23798059707973400
Kovarova_1996,ML_30,glucose_minimal_medium,10.006387450377066,,0.018110034693916255
Kovarova_1996,ML_30,glucose_minimal_medium,20.07822909655352,,0.2125950291011811
Kovarova_1996,ML_30,glucose_minimal_medium,25.89726507232242,,0.4424943598688077
Kovarova_1996,ML_30,glucose_minimal_medium,28.464608030330083,,0.5304330104081749
Kovarova_1996,ML_30,glucose_minimal_medium,30.190181183807468,,0.5848436877926706
Kovarova_1996,ML_30,glucose_minimal_medium,31.393769145180563,,0.6395197831156274
Kovarova_1996,ML_30,glucose_minimal_medium,32.74598552177915,,0.692736079777049
Kovarova_1996,ML_30,glucose_minimal_medium,34.970741356337314,,0.7883244544713444
Kovarova_1996,ML_30,glucose_minimal_medium,37.52572150716356,,0.912217756460083
Kovarova_1996,ML_30,glucose_minimal_medium,38.496339235429055,,0.9318018086336664
Kovarova_1996,ML_30,glucose_minimal_medium,39.92960068132804,,0.8727937133865433
Kovarova_1996,ML_30,glucose_minimal_medium,42.01259632687262,,-0.001474017479667078
Cooper_2000,B,glucose_minimal_medium,26.99712674485923,,0.5168405665608146
Cooper_2000,B,glucose_minimal_medium,20.0246585329245,,0.3088730950820774
Cooper_2000,B,glucose_minimal_medium,31.98619122156228,,0.665981148243359
Cooper_2000,B,glucose_minimal_medium,34.456440165533806,,0.8049868104911202
Cooper_2000,B,glucose_minimal_medium,36.950597165340824,,0.87710066031554
Cooper_2000,B,glucose_minimal_medium,38.9677723695778,,0.8462926558798326
Cooper_2000,B,glucose_minimal_medium,39.95861654909192,,0.913003007544063
Cooper_2000,B,glucose_minimal_medium,40.96650727962776,,0.7955642925550682
Cooper_2000,B,glucose_minimal_medium,41.97139610180758,,0.5368482954449989
Farewell_1998,W3110,MOPS_glucose_CAA,,3.1555484068968163e-3,1.7238317299223582
Farewell_1998,W3110,MOPS_glucose_CAA,,3.1750000043668276e-3,1.8494801201746889
Farewell_1998,W3110,MOPS_glucose_CAA,,3.226944258724878e-3,1.8102107320258924
Farewell_1998,W3110,MOPS_glucose_CAA,,3.2475119824297485e-3,1.6118125538378998
Farewell_1998,W3110,MOPS_glucose_CAA,,3.26816019550346e-3,1.3932030341432773
Farewell_1998,W3110,MOPS_glucose_CAA,,3.301484575869527e-3,1.0660863824264417
Farewell_1998,W3110,MOPS_glucose_CAA,,3.3224761962764466e-3,0.8439959481825773
Katipoglu-Yazan_2003,NCM3722,MOPS_glucose,28,,0.65
Katipoglu-Yazan_2003,NCM3722,MOPS_glucose,29,,0.71
Katipoglu-Yazan_2003,NCM3722,MOPS_glucose,30,,0.72
Katipoglu-Yazan_2003,NCM3722,MOPS_glucose,31,,0.80
Katipoglu-Yazan_2003,NCM3722,MOPS_glucose,32,,0.86
Katipoglu-Yazan_2003,NCM3722,MOPS_glucose,33,,0.92
Katipoglu-Yazan_2003,NCM3722,MOPS_glucose,34,,0.94
Katipoglu-Yazan_2003,NCM3722,MOPS_glucose,35,,1.01
Katipoglu-Yazan_2003,NCM3722,MOPS_glucose,36,,1.03
Katipoglu-Yazan_2003,NCM3722,MOPS_glucose,37,,1.03
Katipoglu-Yazan_2003,NCM3722,MOPS_glucose,38,,1.04
Katipoglu-Yazan_2003,NCM3722,MOPS_glucose,39,,1.07
Katipoglu-Yazan_2003,NCM3722,MOPS_glucose,40,,1.06
Katipoglu-Yazan_2003,NCM3722,MOPS_glucose,41,,1.07
Katipoglu-Yazan_2003,NCM3722,MOPS_glucose,42,,1.13
Katipoglu-Yazan_2003,NCM3722,MOPS_glucose,43,,1.02
Katipoglu-Yazan_2003,NCM3722,MOPS_glucose,44,,1.01
Katipoglu-Yazan_2003,NCM3722,MOPS_glucose,45,,0.72