,study,strain,media,Celsius,temp_inverse_K,growth_rate_hr,growth_rate_hr_norm
0,Herendeen_1979,B/r_NC3,rich_defined_medium,13.5,,0.148457077440255,0.07917675853376285
1,Herendeen_1979,B/r_NC3,rich_defined_medium,15.0,,0.193674352136578,0.10329253194056719
2,Herendeen_1979,B/r_NC3,rich_defined_medium,17.0,,0.296811480099057,0.15829875742575733
3,Herendeen_1979,B/r_NC3,rich_defined_medium,19.0,,0.366445484215007,0.19543672905157242
4,Herendeen_1979,B/r_NC3,rich_defined_medium,21.0,,0.517766842355812,0.27614109721709323
5,Herendeen_1979,B/r_NC3,rich_defined_medium,23.0,,0.593312700752729,0.3164320438775899
6,Herendeen_1979,B/r_NC3,rich_defined_medium,28.0,,0.87731531536273,0.46789943652502214
7,Herendeen_1979,B/r_NC3,rich_defined_medium,30.0,,1.18413915845426,0.6315380973132612
8,Herendeen_1979,B/r_NC3,rich_defined_medium,33.0,,1.29728519090215,0.6918823816319738
9,Herendeen_1979,B/r_NC3,rich_defined_medium,36.0,,1.54464202276789,0.8238054430716819
10,Herendeen_1979,B/r_NC3,rich_defined_medium,37.0,,1.78498559278056,0.9519881146973844
11,Herendeen_1979,B/r_NC3,rich_defined_medium,39.0,,1.87500827502239,1.0
12,Herendeen_1979,B/r_NC3,rich_defined_medium,42.0,,1.86429080619312,0.9942840418508863
13,Herendeen_1979,B/r_NC3,rich_defined_medium,45.0,,1.20337955259495,0.6417995955674276
14,Herendeen_1979,B/r_NC3,rich_defined_medium,46.0,,0.986347018318873,0.5260494214656705
15,Herendeen_1979,B/r_NC3,rich_defined_medium,47.0,,0.692323201629745,0.369237411297013
16,Herendeen_1979,B/r_NC3,rich_defined_medium,48.0,,0.237980597079734,0.12692242495670705
17,Kovarova_1996,ML_30,glucose_minimal_medium,10.006387450377066,,0.0181100346939162,0.019435500689220144
18,Kovarova_1996,ML_30,glucose_minimal_medium,20.07822909655352,,0.2125950291011811,0.22815477189609307
19,Kovarova_1996,ML_30,glucose_minimal_medium,25.89726507232242,,0.4424943598688077,0.47488034018484326
20,Kovarova_1996,ML_30,glucose_minimal_medium,28.464608030330083,,0.5304330104081749,0.5692551844109075
21,Kovarova_1996,ML_30,glucose_minimal_medium,30.190181183807468,,0.5848436877926706,0.6276481569082243
22,Kovarova_1996,ML_30,glucose_minimal_medium,31.393769145180563,,0.6395197831156274,0.6863259731738208
23,Kovarova_1996,ML_30,glucose_minimal_medium,32.74598552177915,,0.692736079777049,0.7434371487138796
24,Kovarova_1996,ML_30,glucose_minimal_medium,34.970741356337314,,0.7883244544713444,0.8460215972614307
25,Kovarova_1996,ML_30,glucose_minimal_medium,37.52572150716356,,0.912217756460083,0.9789825990976556
26,Kovarova_1996,ML_30,glucose_minimal_medium,38.496339235429055,,0.9318018086336664,1.0
27,Kovarova_1996,ML_30,glucose_minimal_medium,39.92960068132804,,0.8727937133865433,0.9366731265164117
28,Kovarova_1996,ML_30,glucose_minimal_medium,42.01259632687262,,-0.001474017479667,-0.0015819002131240798
29,Cooper_2000,B,glucose_minimal_medium,26.99712674485923,,0.5168405665608146,0.5660885695777634
30,Cooper_2000,B,glucose_minimal_medium,20.0246585329245,,0.3088730950820774,0.3383045757022555
31,Cooper_2000,B,glucose_minimal_medium,31.98619122156228,,0.665981148243359,0.7294402567575524
32,Cooper_2000,B,glucose_minimal_medium,34.456440165533806,,0.8049868104911202,0.8816913020434604
33,Cooper_2000,B,glucose_minimal_medium,36.950597165340824,,0.87710066031554,0.9606766385960779
34,Cooper_2000,B,glucose_minimal_medium,38.9677723695778,,0.8462926558798326,0.9269330428125552
35,Cooper_2000,B,glucose_minimal_medium,39.95861654909192,,0.913003007544063,1.0
36,Cooper_2000,B,glucose_minimal_medium,40.96650727962776,,0.7955642925550682,0.8713709439962309
37,Cooper_2000,B,glucose_minimal_medium,41.97139610180758,,0.5368482954449989,0.588002767799305
38,Farewell_1998,W3110,MOPS_glucose_CAA,43.90212636712664,0.0031555484068968164,1.7238317299223582,0.9320628597832872
39,Farewell_1998,W3110,MOPS_glucose_CAA,41.960629488069685,0.0031750000043668275,1.8494801201746889,1.0
40,Farewell_1998,W3110,MOPS_glucose_CAA,36.89069529051869,0.003226944258724878,1.8102107320258924,0.9787673369827369
41,Farewell_1998,W3110,MOPS_glucose_CAA,34.92804011513215,0.0032475119824297485,1.6118125538378998,0.8714949332278626
42,Farewell_1998,W3110,MOPS_glucose_CAA,32.98255292866696,0.00326816019550346,1.3932030341432773,0.7532944090319204
43,Farewell_1998,W3110,MOPS_glucose_CAA,29.89403964173465,0.003301484575869527,1.0660863824264415,0.5764248941079434
44,Farewell_1998,W3110,MOPS_glucose_CAA,27.98033542594419,0.0033224761962764465,0.8439959481825773,0.456342265578318
45,Katipoglu-Yazan_2003,NCM3722,MOPS_glucose,28.0,,0.65,0.5752212389380532
46,Katipoglu-Yazan_2003,NCM3722,MOPS_glucose,29.0,,0.71,0.6283185840707964
47,Katipoglu-Yazan_2003,NCM3722,MOPS_glucose,30.0,,0.72,0.6371681415929203
48,Katipoglu-Yazan_2003,NCM3722,MOPS_glucose,31.0,,0.8,0.7079646017699116
49,Katipoglu-Yazan_2003,NCM3722,MOPS_glucose,32.0,,0.86,0.7610619469026549
50,Katipoglu-Yazan_2003,NCM3722,MOPS_glucose,33.0,,0.92,0.8141592920353984
51,Katipoglu-Yazan_2003,NCM3722,MOPS_glucose,34.0,,0.94,0.8318584070796461
52,Katipoglu-Yazan_2003,NCM3722,MOPS_glucose,35.0,,1.01,0.8938053097345133
53,Katipoglu-Yazan_2003,NCM3722,MOPS_glucose,36.0,,1.03,0.9115044247787611
54,Katipoglu-Yazan_2003,NCM3722,MOPS_glucose,37.0,,1.03,0.9115044247787611
55,Katipoglu-Yazan_2003,NCM3722,MOPS_glucose,38.0,,1.04,0.920353982300885
56,Katipoglu-Yazan_2003,NCM3722,MOPS_glucose,39.0,,1.07,0.9469026548672568
57,Katipoglu-Yazan_2003,NCM3722,MOPS_glucose,40.0,,1.06,0.9380530973451329
58,Katipoglu-Yazan_2003,NCM3722,MOPS_glucose,41.0,,1.07,0.9469026548672568
59,Katipoglu-Yazan_2003,NCM3722,MOPS_glucose,42.0,,1.13,1.0
60,Katipoglu-Yazan_2003,NCM3722,MOPS_glucose,43.0,,1.02,0.9026548672566372
61,Katipoglu-Yazan_2003,NCM3722,MOPS_glucose,44.0,,1.01,0.8938053097345133
62,Katipoglu-Yazan_2003,NCM3722,MOPS_glucose,45.0,,0.72,0.6371681415929203
