study,strain,media,pH,dbl_time_min,generation_hr,growth_rate_min,growth_rate_hr
Presser_1997,M_23,nutrient_broth_Oxoid,4.010652463382157,,,0.002018045,0.121082716
Presser_1997,M_23,nutrient_broth_Oxoid,4.063914780292943,,,0.004098471,0.245908282
Presser_1997,M_23,nutrient_broth_Oxoid,4.1278295605858855,,,0.004850983,0.291058961
Presser_1997,M_23,nutrient_broth_Oxoid,4.271637816245007,,,0.004820133,0.289207989
Presser_1997,M_23,nutrient_broth_Oxoid,4.388814913448735,,,0.006261071,0.375664234
Presser_1997,M_23,nutrient_broth_Oxoid,4.5965379494007985,,,0.007654732,0.459283941
Presser_1997,M_23,nutrient_broth_Oxoid,4.873501997336884,,,0.008600948,0.516056884
Presser_1997,M_23,nutrient_broth_Oxoid,5.139813581890812,,,0.008267079,0.496024714
Presser_1997,M_23,nutrient_broth_Oxoid,5.272969374167776,,,0.009644144,0.578648628
Presser_1997,M_23,nutrient_broth_Oxoid,5.5339547270306255,,,0.009374232,0.562453901
Presser_1997,M_23,nutrient_broth_Oxoid,5.858854860186418,,,0.009568831,0.574129854
Presser_1997,M_23,nutrient_broth_Oxoid,6.146471372,,,0.009795132,0.587707909
Presser_1997,M_23,nutrient_broth_Oxoid,6.146471372,,,0.009619132,0.577147909
Presser_1997,M_23,nutrient_broth_Oxoid,6.572569906790946,,,0.009686541,0.581192437
Presser_1997,M_23,nutrient_broth_Oxoid,6.870838881491345,,,0.009960927,0.597655606
Presser_1997,M_23,nutrient_broth_Oxoid,6.934753661784287,,,0.010185438082556592,0.611126285
Presser_1997,M_23,nutrient_broth_Oxoid,7.137150466045273,,,0.010203057256990678,0.612183435
Presser_1997,M_23,nutrient_broth_Oxoid,7.4407456724367504,,,0.009629486,0.577769161
Presser_1997,M_23,nutrient_broth_Oxoid,7.595206391478029,,,0.009886722,0.593203302
Presser_1997,M_23,nutrient_broth_Oxoid,7.877496671105193,,,0.00864098,0.518458802
Gale_1942,NCTC_86,tyrptone_broth,4.698817985678170,92.95755870923020,,,
Gale_1942,NCTC_86,tyrptone_broth,5.14392645832506,48.01658456595500,,,
Gale_1942,NCTC_86,tyrptone_broth,5.733510701663820,30.602123730994100,,,
Gale_1942,NCTC_86,tyrptone_broth,6.274517200757120,27.345202940960800,,,
Gale_1942,NCTC_86,tyrptone_broth,7.368343723940750,24.9641712049807,,,
Gale_1942,NCTC_86,tyrptone_broth,8.023349084700000,27.087235616821900,,,
Gale_1942,NCTC_86,tyrptone_broth,8.53364703702233,44.76233010485340,,,
Gale_1942,NCTC_86,tyrptone_broth,8.884677494076690,76.33366440250900,,,
Stancik_2002,K12_W3110,LBK,4.898903692943232,,2.6638965135499917,,
Stancik_2002,K12_W3110,LBK,6.010009760083529,,3.5047087547959537,,
Stancik_2002,K12_W3110,LBK,7.006355403227637,,3.3366797591786597,,
Stancik_2002,K12_W3110,LBK,8.007876160428536,,2.996375547838219,,
Stancik_2002,K12_W3110,LBK,9.108359625031209,,2.191110234906962,,


