,study,strain,media,pH,dbl_time_min,generation_hr,growth_rate_min,growth_rate_hr,growth_rate_hr_norm
0,Presser_1997,M_23,nutrient_broth_Oxoid,4.010652463382157,,,0.002018045,0.121082716,0.19778829200107317
1,Presser_1997,M_23,nutrient_broth_Oxoid,4.063914780292943,,,0.004098471,0.245908282,0.401690519443735
2,Presser_1997,M_23,nutrient_broth_Oxoid,4.1278295605858855,,,0.004850983,0.291058961,0.4754440325553729
3,Presser_1997,M_23,nutrient_broth_Oxoid,4.271637816245007,,,0.004820133,0.289207989,0.4724204747552504
4,Presser_1997,M_23,nutrient_broth_Oxoid,4.388814913448735,,,0.006261071,0.375664234,0.6136465192005726
5,Presser_1997,M_23,nutrient_broth_Oxoid,4.5965379494007985,,,0.007654732,0.459283941,0.7502390864267667
6,Presser_1997,M_23,nutrient_broth_Oxoid,4.873501997336884,,,0.008600948,0.516056884,0.8429775366267466
7,Presser_1997,M_23,nutrient_broth_Oxoid,5.139813581890812,,,0.008267079,0.496024714,0.8102550406317347
8,Presser_1997,M_23,nutrient_broth_Oxoid,5.272969374167776,,,0.009644144,0.578648628,0.945220982661839
9,Presser_1997,M_23,nutrient_broth_Oxoid,5.5339547270306255,,,0.009374232,0.562453901,0.9187669395203416
10,Presser_1997,M_23,nutrient_broth_Oxoid,5.858854860186418,,,0.009568831,0.574129854,0.93783957744626
11,Presser_1997,M_23,nutrient_broth_Oxoid,6.146471372,,,0.009795132,0.587707909,0.9600192938902373
12,Presser_1997,M_23,nutrient_broth_Oxoid,6.146471372,,,0.009619132,0.577147909,0.9427695621982976
13,Presser_1997,M_23,nutrient_broth_Oxoid,6.572569906790946,,,0.009686541,0.581192437,0.9493762878441818
14,Presser_1997,M_23,nutrient_broth_Oxoid,6.870838881491345,,,0.009960927,0.597655606,0.97626883027307
15,Presser_1997,M_23,nutrient_broth_Oxoid,6.934753661784287,,,0.0101854380825565,0.611126285,0.9982731483088887
16,Presser_1997,M_23,nutrient_broth_Oxoid,7.137150466045273,,,0.0102030572569906,0.612183435,1.0
17,Presser_1997,M_23,nutrient_broth_Oxoid,7.4407456724367504,,,0.009629486,0.577769161,0.943784375674915
18,Presser_1997,M_23,nutrient_broth_Oxoid,7.595206391478029,,,0.009886722,0.593203302,0.9689960036243058
19,Presser_1997,M_23,nutrient_broth_Oxoid,7.877496671105193,,,0.00864098,0.518458802,0.8469010632409549
20,Gale_1942,NCTC_86,tyrptone_broth,4.69881798567817,92.9575587092302,,,0.4473959020770536,0.26855450542831316
21,Gale_1942,NCTC_86,tyrptone_broth,5.14392645832506,48.016584565955,,,0.8661347159432133,0.5199072660132712
22,Gale_1942,NCTC_86,tyrptone_broth,5.73351070166382,30.6021237309941,,,1.3590177988684877,0.8157659718138048
23,Gale_1942,NCTC_86,tyrptone_broth,6.27451720075712,27.3452029409608,,,1.5208821424140966,0.9129268946688446
24,Gale_1942,NCTC_86,tyrptone_broth,7.36834372394075,24.9641712049807,,,1.6659407793718048,1.0
25,Gale_1942,NCTC_86,tyrptone_broth,8.0233490847,27.0872356168219,,,1.5353663777993254,0.9216212225612745
26,Gale_1942,NCTC_86,tyrptone_broth,8.53364703702233,44.7623301048534,,,0.9291033495391565,0.5577049082678102
27,Gale_1942,NCTC_86,tyrptone_broth,8.88467749407669,76.333664402509,,,0.5448294819740075,0.3270401257477187
28,Stancik_2002,K12_W3110,LBK,4.898903692943232,,2.6638965135499917,,1.8464723576706448,0.7600906950983107
29,Stancik_2002,K12_W3110,LBK,6.010009760083529,,3.5047087547959537,,2.429278992070572,1.0
30,Stancik_2002,K12_W3110,LBK,7.006355403227637,,3.3366797591786597,,2.3128101675061252,0.9520562171143728
31,Stancik_2002,K12_W3110,LBK,8.007876160428536,,2.996375547838219,,2.076929262882823,0.8549570756023263
32,Stancik_2002,K12_W3110,LBK,9.108359625031207,,2.191110234906962,,1.5187618816218,0.625190390473553
